{
  "Vadodara": [
    {
      "area": "Parul University",
      "distance_km": 12.34
    },
    {
      "area": "Amodar",
      "distance_km": 20.12
    },
    {
      "area": "Waghodia",
      "distance_km": 15.75
    },
    {
      "area": "Sayajigunj",
      "distance_km": 3.22
    },
    {
      "area": "Alkapuri",
      "distance_km": 5.10
    },
    {
      "area": "Gorwa",
      "distance_km": 8.45
    },
    {
      "area": "Mangal Bazar",
      "distance_km": 2.98
    }
  ],
  "Ahmedabad": [
    {
      "area": "Ghatlodia",
      "distance_km": 6.58
    },
    {
      "area": "Maninagar",
      "distance_km": 8.23
    },
    {
      "area": "Vastrapur",
      "distance_km": 10.67
    },
    {
      "area": "Bopal",
      "distance_km": 15.40
    },
    {
      "area": "SG Highway",
      "distance_km": 12.50
    },
    {
      "area": "Naroda",
      "distance_km": 11.11
    },
    {
      "area": "Motera",
      "distance_km": 9.70
    }
  ],
  "Gandhinagar": [
    {
      "area": "Sector 16",
      "distance_km": 3.05
    },
    {
      "area": "Sector 21",
      "distance_km": 5.75
    },
    {
      "area": "Kalol",
      "distance_km": 15.25
    },
    {
      "area": "Chandkheda",
      "distance_km": 7.80
    },
    {
      "area": "Koba",
      "distance_km": 10.65
    },
    {
      "area": "Sargasan",
      "distance_km": 6.40
    },
    {
      "area": "Mahatma Mandir",
      "distance_km": 4.80
    }
  ],
  "Jamnagar": [
    {
      "area": "Dared",
      "distance_km": 5.25
    },
    {
      "area": "Moti Khavdi",
      "distance_km": 12.30
    },
    {
      "area": "Kharach",
      "distance_km": 18.50
    },
    {
      "area": "Gokul Nagar",
      "distance_km": 8.90
    },
    {
      "area": "Gujarat Housing Board",
      "distance_km": 6.15
    },
    {
      "area": "Sardar Nagar",
      "distance_km": 4.55
    },
    {
      "area": "Jamnagar Railway Station Area",
      "distance_km": 1.25
    }
  ],
  "Dwarka": [
    {
      "area": "Okha",
      "distance_km": 10.75
    },
    {
      "area": "Dwarka Town",
      "distance_km": 0.00
    },
    {
      "area": "Shankheshwar",
      "distance_km": 15.80
    },
    {
      "area": "Nageshwar",
      "distance_km": 8.40
    },
    {
      "area": "Mundra",
      "distance_km": 20.60
    },
    {
      "area": "Bhadkeshwar",
      "distance_km": 5.50
    },
    {
      "area": "Bet Dwarka",
      "distance_km": 12.90
    }
  ]
}
